id,username
1,Kenton_Kirlin
5,Aniya_Hackett
6,Travon.Waters
7,Kasandra_Homenick
10,Presley_McClure
20,Delpha.Kihn
24,Maxwell.Halvorson
25,Tierra.Trantow
26,Josianne.Friesen
31,Aiyana_Hoeger
32,Irwin.Larson
42,Maya.Farrell
43,Janet.Armstrong
46,Malinda_Streich
48,Granville_Kutch
49,Morgan.Kassulke
55,Meggie_Doyle
57,Julien_Schmidt
69,Karley_Bosco
71,Nia_Haag
73,Jaylan.Lakin
74,Hulda.Macejkovic
77,Donald.Fritsch
79,Katarina.Dibbert
80,Darby_Herzog
83,Bartholome.Bernhard
89,Jessyca_West
92,Frederik_Rice
93,Willie_Leuschke
99,Alek_Watsica
